Cell#,ROI Name,ROI#,RMS,Reflectance,D
1,nuc,0,0.19060062,1.1412677,2.655230956
1,nuc,1,0.18034539,1.2310915,2.616049536
1,nuc,10,0.16803177,1.1315058,2.564425179
1,nuc,11,0.13837245,0.99136025,2.414099027
1,nuc,12,0.17947118,1.2081021,2.612555293
1,nuc,13,0.1765377,1.1320606,2.600645437
1,nuc,14,0.2041927,1.3405048,2.70245193
1,nuc,15,0.15585653,1.2009155,2.507669971
1,nuc,16,0.12291878,1.1286756,2.317349822
1,nuc,17,0.1546121,1.1530259,2.501502733
1,nuc,18,0.14692783,1.1041433,2.461807488
1,nuc,19,0.14615512,1.1510773,2.457656498
1,nuc,2,0.17321913,1.2450271,2.586820122
1,nuc,20,0.12285043,1.0107346,2.316889755
1,nuc,21,0.12100274,0.9119115,2.304343908
1,nuc,3,0.18211824,1.2206017,2.623059554
1,nuc,4,0.15215725,1.2639171,2.489127313
1,nuc,5,0.19356076,1.1878177,2.665941732
1,nuc,6,0.1580128,1.1613181,2.518190302
1,nuc,7,0.15850252,1.1191529,2.520550437
1,nuc,8,0.16333698,1.205629,2.543278322
1,nuc,9,0.14990382,1.2375203,2.477517388
2,nuc,0,0.18393454,1.1474531,2.630137166
2,nuc,1,0.18027465,1.2197869,2.615767714
2,nuc,10,0.16286583,1.1264167,2.541107294
2,nuc,11,0.13274327,0.9819106,2.380484135
2,nuc,12,0.16812482,1.2243307,2.564835645
2,nuc,13,0.18594901,1.1165719,2.637865784
2,nuc,14,0.20004454,1.3311081,2.688555556
2,nuc,15,0.15353212,1.2028391,2.496092851
2,nuc,16,0.12960589,1.1313101,2.360955485
2,nuc,17,0.15674098,1.1454958,2.512010425
2,nuc,18,0.14480378,1.0995504,2.450324208
2,nuc,19,0.13942558,1.153118,2.42018723
2,nuc,2,0.17842926,1.2332422,2.608357922
2,nuc,20,0.118502855,1.0075003,2.287035112
2,nuc,21,0.116916016,0.91382366,2.275848156
2,nuc,3,0.18045068,1.2205396,2.616468702
2,nuc,4,0.1505556,1.2479343,2.480900384
2,nuc,5,0.18330052,1.1852521,2.627678438
2,nuc,6,0.15609881,1.1536224,2.508862481
2,nuc,7,0.16292545,1.1119298,2.541382527
2,nuc,8,0.16065879,1.1992526,2.530813034
2,nuc,9,0.15006985,1.2478095,2.478381092
3,nuc,0,0.1816242,1.1371685,2.621116248
3,nuc,1,0.17575066,1.2020738,2.59740087
3,nuc,10,0.16027114,1.1246911,2.528983291
3,nuc,11,0.12305058,0.9800454,2.318236162
3,nuc,12,0.1657801,1.2064407,2.554391306
3,nuc,13,0.18476762,1.1153227,2.633348653
3,nuc,14,0.19453286,1.3240048,2.669404627
3,nuc,15,0.1536067,1.1899858,2.496468175
3,nuc,16,0.1278317,1.1217098,2.349653687
3,nuc,17,0.15662047,1.1275748,2.511421097
3,nuc,18,0.14761621,1.095746,2.465480234
3,nuc,19,0.13795756,1.1531526,2.411682953
3,nuc,2,0.17378747,1.2322963,2.589214953
3,nuc,20,0.11457165,1.0091972,2.259035164
3,nuc,21,0.12378863,0.89348215,2.323179615
3,nuc,3,0.18395315,1.2107373,2.630209144
3,nuc,4,0.15157624,1.2466977,2.486157022
3,nuc,5,0.18649167,1.1835222,2.639926222
3,nuc,6,0.1426061,1.152631,2.438197426
3,nuc,7,0.15946354,1.1083231,2.525150044
3,nuc,8,0.15426415,1.2032548,2.499765646
3,nuc,9,0.14457823,1.2381468,2.449091253
4,nuc,0,0.16904569,1.1274619,2.568880244
4,nuc,1,0.1698336,1.2024144,2.572315733
4,nuc,10,0.15748136,1.1253632,2.515616783
4,nuc,11,0.126487,0.9735754,2.340960914
4,nuc,12,0.1606267,1.2016771,2.530661816
4,nuc,13,0.18700233,1.119455,2.641856899
4,nuc,14,0.19278817,1.3157157,2.663170598
4,nuc,15,0.15186808,1.18094,2.487650988
4,nuc,16,0.12576002,1.1257881,2.336215145
4,nuc,17,0.14953132,1.1266837,2.475574755
4,nuc,18,0.14456956,1.0935533,2.449043806
4,nuc,19,0.13449869,1.1435243,2.391160749
4,nuc,2,0.16509527,1.2198166,2.551300367
4,nuc,20,0.11532511,1.004736,2.264476014
4,nuc,21,0.12368588,0.898807,2.322493448
4,nuc,3,0.17839986,1.2071433,2.608238964
4,nuc,4,0.15318233,1.2473783,2.49432908
4,nuc,5,0.17662771,1.175913,2.601015162
4,nuc,6,0.13763912,1.1346407,2.409821842
4,nuc,7,0.15533112,1.0963615,2.505074727
4,nuc,8,0.14472611,1.1976951,2.449899927
4,nuc,9,0.1371331,1.2372472,2.406852699
5,nuc,0,0.1701966,1.1389427,2.573890787
5,nuc,1,0.1710594,1.2036622,2.577615118
5,nuc,10,0.15177979,1.1163723,2.487199446
5,nuc,11,0.124814436,0.97032094,2.329993146
5,nuc,12,0.15877499,1.1947012,2.521858789
5,nuc,13,0.18287474,1.1132542,2.626020136
5,nuc,14,0.19101173,1.3121222,2.656733769
5,nuc,15,0.14749596,1.1741782,2.464840362
5,nuc,16,0.12792611,1.1199512,2.350259863
5,nuc,17,0.15000232,1.1242772,2.478029955
5,nuc,18,0.14720595,1.0992585,2.463294203
5,nuc,19,0.13914958,1.1344224,2.418597795
5,nuc,2,0.16389993,1.2246914,2.54586038
5,nuc,20,0.107796066,0.99862796,2.208538496
5,nuc,21,0.115356736,0.9012361,2.264703616
5,nuc,3,0.173928,1.2054693,2.589805363
5,nuc,4,0.15004922,1.2438871,2.478273845
5,nuc,5,0.17906688,1.1713543,2.610930824
5,nuc,6,0.13859564,1.139149,2.415394621
5,nuc,7,0.1596908,1.0956951,2.526231659
5,nuc,8,0.14339465,1.2004278,2.442577865
5,nuc,9,0.14520083,1.2219429,2.452488279
6,nuc,0,0.16635388,1.130765,2.556966814
6,nuc,1,0.16979824,1.202566,2.572162047
6,nuc,10,0.1465779,1.1127356,2.459931395
6,nuc,11,0.12406734,0.9759093,2.325037451
6,nuc,12,0.16242963,1.1803545,2.539089088
6,nuc,13,0.17593384,1.0921919,2.598157911
6,nuc,14,0.18789664,1.3213172,2.645218652
6,nuc,15,0.15132838,1.171858,2.484885024
6,nuc,16,0.1230286,1.1218575,2.318088423
6,nuc,17,0.15243655,1.1199995,2.490549507
6,nuc,18,0.1494108,1.095187,2.474944788
6,nuc,19,0.13615692,1.1279494,2.40108401
6,nuc,2,0.16511965,1.2380338,2.551410724
6,nuc,20,0.108238466,0.9978381,2.211919349
6,nuc,21,0.11307691,0.89808184,2.248136154
6,nuc,3,0.17274256,1.1968633,2.584803218
6,nuc,4,0.14938603,1.2467815,2.474815226
6,nuc,5,0.1827439,1.1688148,2.625509393
6,nuc,6,0.14206858,1.1316572,2.435192446
6,nuc,7,0.15160424,1.0918353,2.486300533
6,nuc,8,0.1383779,1.2129703,2.414130698
6,nuc,9,0.14200984,1.2214489,2.434863121
7,nuc,0,0.1707309,1.1599565,2.576200325
7,nuc,1,0.17173257,1.200542,2.580502147
7,nuc,10,0.14444847,1.1157995,2.448380734
7,nuc,11,0.12609802,0.9858054,2.338425694
7,nuc,12,0.15775892,1.1584868,2.516962448
7,nuc,13,0.17140067,1.1107268,2.579080768
7,nuc,14,0.18441395,1.3155432,2.631987924
7,nuc,15,0.16102795,1.1816931,2.532549412
7,nuc,16,0.12073896,1.121091,2.302535698
7,nuc,17,0.1503792,1.1185868,2.479986816
7,nuc,18,0.15020761,1.0905554,2.479096723
7,nuc,19,0.1329131,1.1233158,2.381524829
7,nuc,2,0.16658907,1.2404068,2.558018791
7,nuc,20,0.113782614,0.9976696,2.253299348
7,nuc,21,0.11552601,0.9067109,2.265920766
7,nuc,3,0.16977331,1.2066664,2.572053665
7,nuc,4,0.1501689,1.2393043,2.478895726
7,nuc,5,0.18428223,1.1656274,2.631480138
7,nuc,6,0.13892111,1.1337396,2.417278792
7,nuc,7,0.15091273,1.0791376,2.482745378
7,nuc,8,0.13768983,1.2022829,2.410118596
7,nuc,9,0.14076887,1.197432,2.427861778
8,nuc,0,0.1753929,1.1643949,2.59591902
8,nuc,1,0.17196703,1.2013946,2.581503848
8,nuc,10,0.14297348,1.1093636,2.440242352
8,nuc,11,0.12544881,0.97970265,2.334173531
8,nuc,12,0.14820227,1.1528997,2.468588502
8,nuc,13,0.17299582,1.1142707,2.585876045
8,nuc,14,0.17755796,1.3164206,2.604820253
8,nuc,15,0.15345076,1.194084,2.495683111
8,nuc,16,0.11610949,1.1117009,2.270102569
8,nuc,17,0.13945673,1.1059953,2.420366346
8,nuc,18,0.14698635,1.0858282,2.462120634
8,nuc,19,0.13541046,1.1306711,2.396636401
8,nuc,2,0.16816376,1.2392895,2.565007322
8,nuc,20,0.1087644,0.99426717,2.215923601
8,nuc,21,0.11414923,0.89757997,2.255969281
8,nuc,3,0.168979,1.2032152,2.5685884
8,nuc,4,0.15221941,1.2332762,2.489444149
8,nuc,5,0.1721951,1.1799729,2.582476361
8,nuc,6,0.13652372,1.1333967,2.403257917
8,nuc,7,0.14204511,1.0857513,2.435060884
8,nuc,8,0.13690107,1.2048978,2.405486407
8,nuc,9,0.14221735,1.205847,2.436025691
9,nuc,0,0.1736421,1.1250082,2.588603482
9,nuc,1,0.17448902,1.2053658,2.592155522
9,nuc,10,0.13960445,1.110272,2.421215003
9,nuc,11,0.11869037,0.9765364,2.288346792
9,nuc,12,0.14304851,1.140759,2.440659104
9,nuc,13,0.16820769,1.1001786,2.56520093
9,nuc,14,0.18277797,1.3102741,2.62564244
9,nuc,15,0.16102351,1.1825693,2.532528563
9,nuc,16,0.12026261,1.1079984,2.299259471
9,nuc,17,0.14652056,1.1036257,2.459623389
9,nuc,18,0.14938048,1.0837215,2.474786192
9,nuc,19,0.13305561,1.1348454,2.382396821
9,nuc,2,0.15658492,1.2387006,2.511247123
9,nuc,20,0.11523355,0.99643135,2.263816735
9,nuc,21,0.112023674,0.89452535,2.24037226
9,nuc,3,0.17148559,1.2038218,2.57944482
9,nuc,4,0.14667386,1.2295678,2.460446482
9,nuc,5,0.17841567,1.1690768,2.608302938
9,nuc,6,0.14049406,1.1145345,2.426299912
9,nuc,7,0.14762181,1.0773941,2.465510015
9,nuc,8,0.13701877,1.2125355,2.406179855
9,nuc,9,0.14272188,1.1945213,2.438842662
10,nuc,0,0.16537441,1.1584938,2.55256249
10,nuc,1,0.16583681,1.2124264,2.554646433
10,nuc,10,0.14357959,1.1124135,2.443600452
10,nuc,11,0.115149535,0.9707544,2.263211325
10,nuc,12,0.1415522,1.1335981,2.43229097
10,nuc,13,0.17266057,1.0891062,2.584455416
10,nuc,14,0.17882095,1.3007239,2.609940049
10,nuc,15,0.15949282,1.1707482,2.525289528
10,nuc,16,0.11952779,1.1094358,2.29417815
10,nuc,17,0.14501594,1.0978475,2.451481569
10,nuc,18,0.14683054,1.0839494,2.461286501
10,nuc,19,0.13112861,1.1276757,2.370505859
10,nuc,2,0.15675585,1.2391295,2.512083098
10,nuc,20,0.11493503,0.98901683,2.26166361
10,nuc,21,0.10699442,0.88791114,2.20238303
10,nuc,3,0.16287361,1.1970433,2.541143218
10,nuc,4,0.14684518,1.2235963,2.461364928
10,nuc,5,0.17062318,1.1683718,2.575735539
10,nuc,6,0.1355315,1.1373527,2.397359742
10,nuc,7,0.14370775,1.0806301,2.444308029
10,nuc,8,0.14174502,1.2061652,2.433376093
10,nuc,9,0.13577445,1.17772,2.398809107
11,nuc,0,0.16321842,1.1468827,2.542732869
11,nuc,1,0.16256195,1.2113428,2.539702145
11,nuc,10,0.13671616,1.0986792,2.404395402
11,nuc,11,0.116865836,0.97598493,2.275491856
11,nuc,12,0.14358783,1.1359366,2.443645971
11,nuc,13,0.16540174,1.088282,2.552685896
11,nuc,14,0.18075418,1.3007162,2.617674937
11,nuc,15,0.15676232,1.1768581,2.512114715
11,nuc,16,0.117569074,1.1085278,2.280470946
11,nuc,17,0.14350827,1.0865562,2.443206316
11,nuc,18,0.14305368,1.0792991,2.440687809
11,nuc,19,0.13064347,1.1174513,2.367477966
11,nuc,2,0.15336637,1.2282292,2.495257787
11,nuc,20,0.11557935,0.98737925,2.266303933
11,nuc,21,0.10969002,0.8915825,2.222931246
11,nuc,3,0.16036832,1.208661,2.529442608
11,nuc,4,0.1446893,1.2237673,2.449698739
11,nuc,5,0.17604439,1.2016673,2.598614235
11,nuc,6,0.13355969,1.1335276,2.38547177
11,nuc,7,0.1405586,1.0725855,2.426667097
11,nuc,8,0.14021754,1.2125679,2.424724097
11,nuc,9,0.13369057,1.1937929,2.386267755
12,nuc,0,0.16724053,1.1494076,2.560921518
12,nuc,1,0.16027163,1.2077345,2.528985608
12,nuc,10,0.13874708,1.1087137,2.416272076
12,nuc,11,0.11446446,0.9610323,2.258258248
12,nuc,12,0.13575596,1.1267496,2.398698919
12,nuc,13,0.16676076,1.0867821,2.558785385
12,nuc,14,0.17361446,1.2873025,2.588487135
12,nuc,15,0.15205775,1.1741912,2.488619772
12,nuc,16,0.115010835,1.1072656,2.262210893
12,nuc,17,0.14270282,1.0810771,2.438736491
12,nuc,18,0.141209,1.0778563,2.43035455
12,nuc,19,0.1318394,1.116014,2.374917149
12,nuc,2,0.15587679,1.2218518,2.507769794
12,nuc,20,0.11439681,0.98453885,2.257767548
12,nuc,21,0.10608517,0.89277035,2.19535588
12,nuc,3,0.1581919,1.2122815,2.519054735
12,nuc,4,0.14742245,1.2213609,2.464448848
12,nuc,5,0.17392401,1.1830751,2.589788609
12,nuc,6,0.13295536,1.1339204,2.381783533
12,nuc,7,0.13792902,1.070391,2.411516385
12,nuc,8,0.13128507,1.2148727,2.371479418
12,nuc,9,0.14096351,1.1867322,2.428965478
13,nuc,0,0.16549413,1.1502368,2.553102854
13,nuc,1,0.15868798,1.1953295,2.521441351
13,nuc,10,0.14029619,1.1108303,2.425172736
13,nuc,11,0.11058287,0.9654171,2.229642619
13,nuc,12,0.13717343,1.1231477,2.40708987
13,nuc,13,0.1675526,1.0860752,2.562306236
13,nuc,14,0.16869669,1.2777147,2.567351131
13,nuc,15,0.15389012,1.1785569,2.497892134
13,nuc,16,0.1112448,1.0940095,2.234587487
13,nuc,17,0.13531542,1.0771031,2.396067852
13,nuc,18,0.13637187,1.0776991,2.402358875
13,nuc,19,0.12940851,1.1136792,2.359707472
13,nuc,2,0.1532422,1.223922,2.494631371
13,nuc,20,0.11767011,0.9943783,2.281183793
13,nuc,21,0.10695505,0.89052755,2.202079758
13,nuc,3,0.15870915,1.2011466,2.521542948
13,nuc,4,0.14535712,1.2076054,2.453337896
13,nuc,5,0.17612672,1.1899246,2.598953804
13,nuc,6,0.13552248,1.1306095,2.397305867
13,nuc,7,0.13711798,1.0694369,2.406763759
13,nuc,8,0.13329472,1.2168443,2.383857251
13,nuc,9,0.13518108,1.1961094,2.395263324
14,nuc,0,0.16727763,1.1519613,2.561086333
14,nuc,1,0.15443791,1.1953337,2.500633813
14,nuc,10,0.13968684,1.1171722,2.421687801
14,nuc,11,0.115440995,0.9674042,2.265309696
14,nuc,12,0.1362627,1.1152496,2.401711717
14,nuc,13,0.1638561,1.0834988,2.545659812
14,nuc,14,0.16847342,1.2769936,2.566370498
14,nuc,15,0.152203,1.1795459,2.489360523
14,nuc,16,0.11339465,1.1045343,2.250464743
14,nuc,17,0.13981724,1.069705,2.422435325
14,nuc,18,0.13676538,1.0778022,2.404685998
14,nuc,19,0.12989469,1.1131569,2.362777362
14,nuc,2,0.15264541,1.2142624,2.491610624
14,nuc,20,0.11972539,0.9975067,2.295547833
14,nuc,21,0.10544787,0.8919956,2.190401789
14,nuc,3,0.15577368,1.19102,2.50726157
14,nuc,4,0.14501204,1.2056316,2.451460315
14,nuc,5,0.1648519,1.1841841,2.550197445
14,nuc,6,0.1348689,1.1179862,2.39338978
14,nuc,7,0.13960023,1.062914,2.421190776
14,nuc,8,0.13556807,1.2021215,2.397578122
14,nuc,9,0.13705291,1.1918851,2.40638085
15,nuc,0,0.18692279,1.1045581,2.641556704
15,nuc,1,0.17800099,1.1465019,2.606622214
15,nuc,10,0.17323382,1.0735928,2.586882165
15,nuc,11,0.13771111,0.92810553,2.410243083
15,nuc,12,0.1654276,1.0801053,2.552802637
15,nuc,13,0.18969046,1.0414208,2.651885851
15,nuc,14,0.20796792,1.2280507,2.714730566
15,nuc,15,0.18687294,1.1330312,2.641368464
15,nuc,16,0.14732973,1.0691274,2.463954637
15,nuc,17,0.15960668,1.0302136,2.52583157
15,nuc,18,0.17386886,1.033849,2.589556982
15,nuc,19,0.17163448,1.0599644,2.580082484
15,nuc,2,0.1846193,1.1652442,2.632778474
15,nuc,20,0.15441169,0.959085,2.500502898
15,nuc,21,0.13641569,0.8603331,2.402618449
15,nuc,3,0.18957472,1.1429398,2.651458675
15,nuc,4,0.19163412,1.1536379,2.658999416
15,nuc,5,0.18612403,1.1332613,2.638531312
15,nuc,6,0.17667477,1.0852648,2.601208357
15,nuc,7,0.16828905,1.0197234,2.565559306
15,nuc,8,0.16654578,1.1604301,2.557825321
15,nuc,9,0.17132576,1.1442676,2.578759413
16,nuc,0,0.16128202,1.1385205,2.533741028
16,nuc,1,0.15375358,1.1973898,2.497206594
16,nuc,10,0.14313717,1.1121167,2.441151178
16,nuc,11,0.112514265,0.9698615,2.243997118
16,nuc,12,0.13647474,1.1222476,2.402968069
16,nuc,13,0.15533398,1.0796676,2.505088888
16,nuc,14,0.16464034,1.2780889,2.549236758
16,nuc,15,0.14654323,1.1674042,2.459745182
16,nuc,16,0.11271251,1.113019,2.245457756
16,nuc,17,0.13002415,1.0701952,2.363592444
16,nuc,18,0.13736232,1.0643444,2.408199465
16,nuc,19,0.13237387,1.1079003,2.378214723
16,nuc,2,0.14525796,1.2166475,2.452798992
16,nuc,20,0.11793122,1.00528,2.2830231
16,nuc,21,0.11350273,0.8971056,2.251255367
16,nuc,3,0.14931016,1.1873459,2.474418194
16,nuc,4,0.1470128,1.1950846,2.462262113
16,nuc,5,0.15484083,1.1742469,2.502641601
16,nuc,6,0.12832741,1.1206805,2.352830465
16,nuc,7,0.13878816,1.0725889,2.416509869
16,nuc,8,0.13338181,1.2053903,2.384388356
16,nuc,9,0.14111522,1.1806656,2.429824299
17,nuc,0,0.15648863,1.1521183,2.510775614
17,nuc,1,0.1523769,1.1987312,2.490246078
17,nuc,10,0.1404395,1.104749,2.425989326
17,nuc,11,0.10859665,0.9587978,2.214648189
17,nuc,12,0.12735404,1.1146481,2.3465785
17,nuc,13,0.1596771,1.0926732,2.526166521
17,nuc,14,0.1657978,1.2644163,2.554470948
17,nuc,15,0.14322287,1.1539118,2.441626428
17,nuc,16,0.115077026,1.1122082,2.262688473
17,nuc,17,0.12750861,1.0773959,2.347575143
17,nuc,18,0.13172346,1.0700077,2.374199623
17,nuc,19,0.1288736,1.1074235,2.3563136
17,nuc,2,0.14617689,1.218979,2.457773859
17,nuc,20,0.11140275,1.0013802,2.23576355
17,nuc,21,0.11379625,0.896997,2.253398805
17,nuc,3,0.15081605,1.1871909,2.482246515
17,nuc,4,0.1442617,1.1954677,2.447356514
17,nuc,5,0.1566766,1.1580569,2.51169567
17,nuc,6,0.13116351,1.1277348,2.370723146
17,nuc,7,0.13749917,1.0722073,2.409002107
17,nuc,8,0.13177629,1.1946409,2.374526673
17,nuc,9,0.13934064,1.1930958,2.419698537
18,nuc,0,0.15776032,1.140505,2.516969226
18,nuc,1,0.14192262,1.1878757,2.434373779
18,nuc,10,0.13511647,1.1104572,2.394876025
18,nuc,11,0.11236716,0.9658558,2.242911725
18,nuc,12,0.12638241,1.1072444,2.340280154
18,nuc,13,0.15019734,1.0762405,2.479043405
18,nuc,14,0.16132957,1.2711948,2.533963733
18,nuc,15,0.14425567,1.1505945,2.447323416
18,nuc,16,0.11347015,1.1111737,2.251017116
18,nuc,17,0.13590181,1.0733005,2.399567557
18,nuc,18,0.13064049,1.0655448,2.367459324
18,nuc,19,0.12486242,1.1042264,2.330310232
18,nuc,2,0.14478013,1.2208949,2.45019505
18,nuc,20,0.11141109,1.0004914,2.235825606
18,nuc,21,0.11285359,0.9038302,2.246495714
18,nuc,3,0.15089194,1.1898946,2.48263814
18,nuc,4,0.13874881,1.1935008,2.416282092
18,nuc,5,0.14374937,1.1679524,2.444537629
18,nuc,6,0.12745233,1.1223625,2.347212427
18,nuc,7,0.13680401,1.0689653,2.404913975
18,nuc,8,0.13556924,1.1935481,2.397585107
18,nuc,9,0.13503678,1.1869509,2.394398001
19,nuc,0,0.16270024,1.1371155,2.540342079
19,nuc,1,0.14235489,1.1878686,2.436794979
19,nuc,10,0.13790429,1.1053827,2.411372015
19,nuc,11,0.11477003,0.9649846,2.260471134
19,nuc,12,0.13013503,1.1129841,2.364289756
19,nuc,13,0.1553432,1.0880786,2.505134537
19,nuc,14,0.15956576,1.2726324,2.525636833
19,nuc,15,0.14287828,1.1456152,2.439713136
19,nuc,16,0.1168578,1.1150547,2.275434782
19,nuc,17,0.13078535,1.0775949,2.368364912
19,nuc,18,0.13055763,1.0708157,2.366940771
19,nuc,19,0.12571767,1.1072338,2.335937673
19,nuc,2,0.14662598,1.2139245,2.460189533
19,nuc,20,0.106350765,1.0074548,2.197413519
19,nuc,21,0.1086991,0.90470076,2.215427319
19,nuc,3,0.1527966,1.1838545,2.492377471
19,nuc,4,0.13687395,1.1924679,2.405326515
19,nuc,5,0.14532195,1.173622,2.453146815
19,nuc,6,0.12810217,1.117891,2.351388845
19,nuc,7,0.14133908,1.0678357,2.431089251
19,nuc,8,0.13443927,1.1920861,2.390802251
19,nuc,9,0.13417368,1.1785384,2.389197393
20,nuc,0,0.16090782,1.1342638,2.531985018
20,nuc,1,0.14404172,1.186426,2.446147845
20,nuc,10,0.13869019,1.1093642,2.415942606
20,nuc,11,0.111528076,0.9674133,2.236695634
20,nuc,12,0.13054992,1.1137912,2.3668925
20,nuc,13,0.15315454,1.0860977,2.494188708
20,nuc,14,0.16070774,1.2683167,2.531043615
20,nuc,15,0.14126188,1.1464938,2.430653332
20,nuc,16,0.11188341,1.1095105,2.239333206
20,nuc,17,0.12997366,1.0800049,2.363274676
20,nuc,18,0.12889257,1.0662236,2.356434253
20,nuc,19,0.12370791,1.1005226,2.322640622
20,nuc,2,0.14749937,1.2111818,2.464858517
20,nuc,20,0.10909025,1.0029145,2.218396312
20,nuc,21,0.10903115,0.9047461,2.217948298
20,nuc,3,0.15178104,1.182037,2.487205841
20,nuc,4,0.13736658,1.1880317,2.408224466
20,nuc,5,0.14242136,1.1823361,2.437166395
20,nuc,6,0.12674454,1.1231655,2.342634334
20,nuc,7,0.13804446,1.0719889,2.412189838
20,nuc,8,0.13534392,1.1978637,2.396238399
20,nuc,9,0.13661732,1.1684253,2.403811435
