Cell#,ROI Name,ROI#,RMS,Reflectance,RMS_t^2,Diffusion
1,nuc,0,None,None,0.009435676,0.003598952
1,nuc,1,None,None,0.009840955,0.003530598
1,nuc,10,None,None,0.0088447,0.00390295
1,nuc,11,None,None,0.008428007,0.004501363
1,nuc,12,None,None,0.007597205,0.004607401
1,nuc,13,None,None,0.011022422,0.004000204
1,nuc,14,None,None,0.008480634,0.004533368
1,nuc,15,None,None,0.009385007,0.004061086
1,nuc,16,None,None,0.006304216,0.004613424
1,nuc,17,None,None,0.007537515,0.004853559
1,nuc,18,None,None,0.006682027,0.004442388
1,nuc,19,None,None,0.008869058,0.003312293
1,nuc,2,None,None,0.010385087,0.003724112
1,nuc,20,None,None,0.006981458,0.003758333
1,nuc,21,None,None,0.004918715,0.004274187
1,nuc,3,None,None,0.011514371,0.003308768
1,nuc,4,None,None,0.009602742,0.003686439
1,nuc,5,None,None,0.009135336,0.003926311
1,nuc,6,None,None,0.01410633,0.002645866
1,nuc,7,None,None,0.006682824,0.004648058
1,nuc,8,None,None,0.01460269,0.002959742
1,nuc,9,None,None,0.008068389,0.004298153
2,nuc,0,None,None,0.009762662,0.003392028
2,nuc,1,None,None,0.009332444,0.003647673
2,nuc,10,None,None,0.009348867,0.003724965
2,nuc,11,None,None,0.006356673,0.004798055
2,nuc,12,None,None,0.007462244,0.004740362
2,nuc,13,None,None,0.007979776,0.004795836
2,nuc,14,None,None,0.008745848,0.004403896
2,nuc,15,None,None,0.009776692,0.004078803
2,nuc,16,None,None,0.006839795,0.004582302
2,nuc,17,None,None,0.007255036,0.004755343
2,nuc,18,None,None,0.007336474,0.004108397
2,nuc,19,None,None,0.006828488,0.003776258
2,nuc,2,None,None,0.009198516,0.00404033
2,nuc,20,None,None,0.006929703,0.003740709
2,nuc,21,None,None,0.00600895,0.003713443
2,nuc,3,None,None,0.010257366,0.003708859
2,nuc,4,None,None,0.007978761,0.004047274
2,nuc,5,None,None,0.010433565,0.003581058
2,nuc,6,None,None,0.013982752,0.002641177
2,nuc,7,None,None,0.008411692,0.003962927
2,nuc,8,None,None,0.008851744,0.004192365
2,nuc,9,None,None,0.006657584,0.004581696
3,nuc,0,None,None,0.009464756,0.003430508
3,nuc,1,None,None,0.007852158,0.003901336
3,nuc,10,None,None,0.009310978,0.003825202
3,nuc,11,None,None,0.006170047,0.004986593
3,nuc,12,None,None,0.008008873,0.004566817
3,nuc,13,None,None,0.009344771,0.004287767
3,nuc,14,None,None,0.010409559,0.004046018
3,nuc,15,None,None,0.009083075,0.004265813
3,nuc,16,None,None,0.006920597,0.00431276
3,nuc,17,None,None,0.00691568,0.004729376
3,nuc,18,None,None,0.006876048,0.004427592
3,nuc,19,None,None,0.006164905,0.003952479
3,nuc,2,None,None,0.009143874,0.004095187
3,nuc,20,None,None,0.005767118,0.004057563
3,nuc,21,None,None,0.005601328,0.004035095
3,nuc,3,None,None,0.009828816,0.0038443
3,nuc,4,None,None,0.007978032,0.003925189
3,nuc,5,None,None,0.009645623,0.003582197
3,nuc,6,None,None,0.01339382,0.002759172
3,nuc,7,None,None,0.00646231,0.004436646
3,nuc,8,None,None,0.007081976,0.004347462
3,nuc,9,None,None,0.00641556,0.004847561
4,nuc,0,None,None,0.008945944,0.003473154
4,nuc,1,None,None,0.007266853,0.004246583
4,nuc,10,None,None,0.008448723,0.003896928
4,nuc,11,None,None,0.006606567,0.004825701
4,nuc,12,None,None,0.010306484,0.004209799
4,nuc,13,None,None,0.009415533,0.004225776
4,nuc,14,None,None,0.01089016,0.003663469
4,nuc,15,None,None,0.009996131,0.003895576
4,nuc,16,None,None,0.00787787,0.004238094
4,nuc,17,None,None,0.006828719,0.004659531
4,nuc,18,None,None,0.008081117,0.004293221
4,nuc,19,None,None,0.007140434,0.003649057
4,nuc,2,None,None,0.007299598,0.004629501
4,nuc,20,None,None,0.005906963,0.004081997
4,nuc,21,None,None,0.004781505,0.004596113
4,nuc,3,None,None,0.00971197,0.00379109
4,nuc,4,None,None,0.007925033,0.004079163
4,nuc,5,None,None,0.010253225,0.003469702
4,nuc,6,None,None,0.012574914,0.002704138
4,nuc,7,None,None,0.006668651,0.004518381
4,nuc,8,None,None,0.007561485,0.00409992
4,nuc,9,None,None,0.006487651,0.004536756
5,nuc,0,None,None,0.008478233,0.003551709
5,nuc,1,None,None,0.007876496,0.00403459
5,nuc,10,None,None,0.007834507,0.00414002
5,nuc,11,None,None,0.006663196,0.004851229
5,nuc,12,None,None,0.007431497,0.004537214
5,nuc,13,None,None,0.010434414,0.003985934
5,nuc,14,None,None,0.008582361,0.004332739
5,nuc,15,None,None,0.010115978,0.003842326
5,nuc,16,None,None,0.005893,0.004954504
5,nuc,17,None,None,0.006822058,0.00454008
5,nuc,18,None,None,0.006571616,0.0044238
5,nuc,19,None,None,0.007472113,0.00362784
5,nuc,2,None,None,0.008429987,0.004110248
5,nuc,20,None,None,0.005573007,0.004161179
5,nuc,21,None,None,0.004884239,0.004360131
5,nuc,3,None,None,0.009714488,0.003956407
5,nuc,4,None,None,0.008388373,0.003906521
5,nuc,5,None,None,0.009867683,0.00362842
5,nuc,6,None,None,0.011987261,0.002701495
5,nuc,7,None,None,0.006331935,0.004694132
5,nuc,8,None,None,0.007278228,0.004255935
5,nuc,9,None,None,0.008082603,0.004223872
6,nuc,0,None,None,0.007398389,0.003909651
6,nuc,1,None,None,0.008132728,0.00376974
6,nuc,10,None,None,0.007475771,0.004120577
6,nuc,11,None,None,0.006268538,0.005285688
6,nuc,12,None,None,0.008204536,0.004442086
6,nuc,13,None,None,0.010288199,0.004073173
6,nuc,14,None,None,0.008239874,0.004534068
6,nuc,15,None,None,0.012675692,0.003636719
6,nuc,16,None,None,0.006189432,0.004669216
6,nuc,17,None,None,0.006742244,0.004712523
6,nuc,18,None,None,0.006698258,0.004432399
6,nuc,19,None,None,0.007390183,0.003585056
6,nuc,2,None,None,0.009225755,0.004051538
6,nuc,20,None,None,0.006510308,0.003739018
6,nuc,21,None,None,0.005004817,0.004461255
6,nuc,3,None,None,0.009005373,0.003839681
6,nuc,4,None,None,0.007639701,0.004272837
6,nuc,5,None,None,0.010168637,0.00352349
6,nuc,6,None,None,0.01125498,0.002820412
6,nuc,7,None,None,0.006878503,0.004261725
6,nuc,8,None,None,0.007755757,0.004267556
6,nuc,9,None,None,0.007135106,0.004282245
7,nuc,0,None,None,0.008593891,0.003629205
7,nuc,1,None,None,0.007580723,0.004040495
7,nuc,10,None,None,0.007514184,0.004130099
7,nuc,11,None,None,0.006326174,0.005056491
7,nuc,12,None,None,0.007210525,0.004593642
7,nuc,13,None,None,0.009737553,0.004064216
7,nuc,14,None,None,0.008121108,0.004457941
7,nuc,15,None,None,0.011750765,0.003785247
7,nuc,16,None,None,0.00621357,0.004556522
7,nuc,17,None,None,0.00634286,0.004889656
7,nuc,18,None,None,0.00619285,0.004670896
7,nuc,19,None,None,0.007456,0.003549677
7,nuc,2,None,None,0.010385813,0.003835442
7,nuc,20,None,None,0.006110129,0.003960636
7,nuc,21,None,None,0.005730055,0.003961226
7,nuc,3,None,None,0.009345403,0.003986761
7,nuc,4,None,None,0.007509149,0.004225743
7,nuc,5,None,None,0.010750747,0.003360824
7,nuc,6,None,None,0.010699636,0.002968316
7,nuc,7,None,None,0.005568757,0.005058703
7,nuc,8,None,None,0.006558989,0.004640049
7,nuc,9,None,None,0.007476289,0.004471632
8,nuc,0,None,None,0.007953449,0.003775456
8,nuc,1,None,None,0.007506181,0.004032959
8,nuc,10,None,None,0.006821543,0.00437354
8,nuc,11,None,None,0.006849175,0.004720319
8,nuc,12,None,None,0.007908586,0.004377064
8,nuc,13,None,None,0.008819474,0.004507286
8,nuc,14,None,None,0.009084593,0.00420675
8,nuc,15,None,None,0.010222563,0.0039816
8,nuc,16,None,None,0.005792307,0.004745118
8,nuc,17,None,None,0.00596333,0.005103352
8,nuc,18,None,None,0.006985641,0.004535989
8,nuc,19,None,None,0.006975927,0.003654969
8,nuc,2,None,None,0.011109125,0.003659363
8,nuc,20,None,None,0.005716268,0.004011503
8,nuc,21,None,None,0.004655256,0.004540827
8,nuc,3,None,None,0.009252336,0.00405151
8,nuc,4,None,None,0.007981515,0.004071021
8,nuc,5,None,None,0.010623541,0.003378003
8,nuc,6,None,None,0.01087409,0.00293425
8,nuc,7,None,None,0.006850637,0.004531862
8,nuc,8,None,None,0.007403866,0.004415481
8,nuc,9,None,None,0.006977024,0.004490449
9,nuc,0,None,None,0.009994628,0.003192635
9,nuc,1,None,None,0.007962938,0.003930157
9,nuc,10,None,None,0.007092822,0.004336428
9,nuc,11,None,None,0.008001769,0.004632173
9,nuc,12,None,None,0.007169204,0.004586913
9,nuc,13,None,None,0.013475974,0.004029668
9,nuc,14,None,None,0.007198053,0.004641198
9,nuc,15,None,None,0.011282085,0.003871196
9,nuc,16,None,None,0.005330056,0.005210378
9,nuc,17,None,None,0.007592936,0.004628287
9,nuc,18,None,None,0.006119633,0.004823185
9,nuc,19,None,None,0.00893048,0.003157451
9,nuc,2,None,None,0.009057133,0.004247477
9,nuc,20,None,None,0.007196776,0.003473867
9,nuc,21,None,None,0.004253277,0.004688925
9,nuc,3,None,None,0.009266804,0.003900673
9,nuc,4,None,None,0.007378454,0.00434618
9,nuc,5,None,None,0.00976433,0.003638656
9,nuc,6,None,None,0.010125109,0.002929085
9,nuc,7,None,None,0.00631453,0.004704979
9,nuc,8,None,None,0.009291504,0.003807206
9,nuc,9,None,None,0.006566351,0.004562042
10,nuc,0,None,None,0.008001863,0.0036681
10,nuc,1,None,None,0.008625972,0.00361278
10,nuc,10,None,None,0.007208906,0.004157537
10,nuc,11,None,None,0.006696556,0.004835193
10,nuc,12,None,None,0.008564929,0.004076763
10,nuc,13,None,None,0.007470089,0.004751525
10,nuc,14,None,None,0.007264364,0.004763003
10,nuc,15,None,None,0.008728308,0.004299488
10,nuc,16,None,None,0.006218786,0.004428267
10,nuc,17,None,None,0.007714489,0.004568166
10,nuc,18,None,None,0.005651055,0.004870893
10,nuc,19,None,None,0.007799008,0.003398824
10,nuc,2,None,None,0.011661185,0.003776871
10,nuc,20,None,None,0.006604406,0.003917107
10,nuc,21,None,None,0.004367772,0.004845326
10,nuc,3,None,None,0.008739724,0.00401052
10,nuc,4,None,None,0.007385018,0.004170351
10,nuc,5,None,None,0.009200056,0.003759195
10,nuc,6,None,None,0.010429276,0.002889105
10,nuc,7,None,None,0.006799449,0.004320535
10,nuc,8,None,None,0.008390328,0.004130865
10,nuc,9,None,None,0.007493017,0.004368196
11,nuc,0,None,None,0.008862959,0.003632985
11,nuc,1,None,None,0.0086621,0.003869975
11,nuc,10,None,None,0.007896707,0.004002523
11,nuc,11,None,None,0.006185175,0.005066045
11,nuc,12,None,None,0.008025741,0.004231062
11,nuc,13,None,None,0.009249431,0.004474246
11,nuc,14,None,None,0.007209347,0.004836632
11,nuc,15,None,None,0.009273395,0.004103979
11,nuc,16,None,None,0.005886122,0.005210336
11,nuc,17,None,None,0.006378497,0.004883972
11,nuc,18,None,None,0.006143702,0.004365163
11,nuc,19,None,None,0.006587743,0.003769927
11,nuc,2,None,None,0.011271318,0.003638018
11,nuc,20,None,None,0.006333873,0.003882241
11,nuc,21,None,None,0.004620559,0.004477378
11,nuc,3,None,None,0.008612002,0.00404107
11,nuc,4,None,None,0.007775193,0.004078006
11,nuc,5,None,None,0.010254313,0.003549684
11,nuc,6,None,None,0.00900216,0.003051274
11,nuc,7,None,None,0.008193199,0.004041906
11,nuc,8,None,None,0.007979426,0.004141155
11,nuc,9,None,None,0.006703345,0.004350777
12,nuc,0,None,None,0.008288891,0.00381416
12,nuc,1,None,None,0.007703225,0.004107468
12,nuc,10,None,None,0.007628401,0.004143424
12,nuc,11,None,None,0.006031921,0.005015003
12,nuc,12,None,None,0.006174197,0.004885017
12,nuc,13,None,None,0.008108327,0.004686222
12,nuc,14,None,None,0.007341927,0.004979996
12,nuc,15,None,None,0.009802771,0.004096417
12,nuc,16,None,None,0.005920612,0.004941974
12,nuc,17,None,None,0.006978898,0.00480736
12,nuc,18,None,None,0.005855548,0.004690615
12,nuc,19,None,None,0.006750928,0.003903264
12,nuc,2,None,None,0.009066597,0.004305561
12,nuc,20,None,None,0.00745716,0.003653048
12,nuc,21,None,None,0.004341866,0.004874591
12,nuc,3,None,None,0.009189848,0.004017233
12,nuc,4,None,None,0.007549657,0.004255745
12,nuc,5,None,None,0.00910969,0.003933252
12,nuc,6,None,None,0.009518156,0.003080861
12,nuc,7,None,None,0.006551713,0.004809172
12,nuc,8,None,None,0.010280011,0.003749705
12,nuc,9,None,None,0.00739815,0.004392786
13,nuc,0,None,None,0.007929549,0.003741201
13,nuc,1,None,None,0.007624434,0.003945828
13,nuc,10,None,None,0.007726776,0.004099508
13,nuc,11,None,None,0.007462634,0.004717796
13,nuc,12,None,None,0.007189802,0.00447406
13,nuc,13,None,None,0.008217506,0.004543111
13,nuc,14,None,None,0.007248304,0.004746172
13,nuc,15,None,None,0.008769782,0.004319633
13,nuc,16,None,None,0.005303323,0.005205859
13,nuc,17,None,None,0.006407721,0.005010553
13,nuc,18,None,None,0.006842863,0.004176532
13,nuc,19,None,None,0.007674194,0.003610931
13,nuc,2,None,None,0.009123876,0.004262813
13,nuc,20,None,None,0.00622918,0.003825723
13,nuc,21,None,None,0.004775622,0.004651352
13,nuc,3,None,None,0.009168913,0.003859311
13,nuc,4,None,None,0.007627289,0.004169749
13,nuc,5,None,None,0.009602814,0.003739322
13,nuc,6,None,None,0.008766334,0.003165782
13,nuc,7,None,None,0.006547138,0.004366104
13,nuc,8,None,None,0.007358627,0.004414323
13,nuc,9,None,None,0.006883575,0.004583886
14,nuc,0,None,None,0.007092765,0.004014647
14,nuc,1,None,None,0.006755198,0.004465948
14,nuc,10,None,None,0.007585371,0.004216814
14,nuc,11,None,None,0.006929169,0.004767981
14,nuc,12,None,None,0.006594793,0.00453581
14,nuc,13,None,None,0.007279066,0.004885694
14,nuc,14,None,None,0.006912384,0.004974049
14,nuc,15,None,None,0.009063564,0.004149107
14,nuc,16,None,None,0.005622719,0.004944411
14,nuc,17,None,None,0.006042472,0.00508932
14,nuc,18,None,None,0.006484832,0.004323007
14,nuc,19,None,None,0.007321195,0.003575754
14,nuc,2,None,None,0.008753945,0.004217951
14,nuc,20,None,None,0.006550508,0.003845117
14,nuc,21,None,None,0.005236569,0.004178111
14,nuc,3,None,None,0.008724963,0.003970803
14,nuc,4,None,None,0.007423128,0.004237904
14,nuc,5,None,None,0.010413927,0.003655168
14,nuc,6,None,None,0.008697807,0.003242867
14,nuc,7,None,None,0.006237934,0.00451539
14,nuc,8,None,None,0.007840275,0.004483095
14,nuc,9,None,None,0.006060771,0.004852299
15,nuc,0,None,None,0.007830757,0.00398174
15,nuc,1,None,None,0.007351297,0.004260946
15,nuc,10,None,None,0.0070349,0.004337605
15,nuc,11,None,None,0.007452703,0.004657236
15,nuc,12,None,None,0.00644962,0.004770643
15,nuc,13,None,None,0.007271374,0.004973426
15,nuc,14,None,None,0.007267507,0.004739698
15,nuc,15,None,None,0.009304412,0.00409418
15,nuc,16,None,None,0.006227559,0.004803937
15,nuc,17,None,None,0.006700392,0.004863135
15,nuc,18,None,None,0.00693151,0.004201962
15,nuc,19,None,None,0.006193623,0.004097121
15,nuc,2,None,None,0.008503712,0.00441949
15,nuc,20,None,None,0.007751501,0.003598152
15,nuc,21,None,None,0.005011519,0.004497256
15,nuc,3,None,None,0.00854719,0.004276119
15,nuc,4,None,None,0.007335096,0.004280594
15,nuc,5,None,None,0.009255108,0.003577282
15,nuc,6,None,None,0.009112689,0.003211427
15,nuc,7,None,None,0.006659894,0.004441595
15,nuc,8,None,None,0.006070241,0.004869765
15,nuc,9,None,None,0.006897387,0.00480321
16,nuc,0,None,None,0.008065444,0.003808707
16,nuc,1,None,None,0.007403385,0.004253806
16,nuc,10,None,None,0.006891352,0.004343891
16,nuc,11,None,None,0.006345271,0.005069239
16,nuc,12,None,None,0.006769226,0.004520883
16,nuc,13,None,None,0.008388936,0.004653908
16,nuc,14,None,None,0.007386203,0.00493497
16,nuc,15,None,None,0.008639236,0.004187488
16,nuc,16,None,None,0.006370297,0.004675461
16,nuc,17,None,None,0.005577884,0.005247938
16,nuc,18,None,None,0.005866567,0.004573852
16,nuc,19,None,None,0.007567068,0.003700549
16,nuc,2,None,None,0.007930853,0.004311789
16,nuc,20,None,None,0.005988378,0.004055525
16,nuc,21,None,None,0.005044793,0.004362818
16,nuc,3,None,None,0.008663586,0.004177815
16,nuc,4,None,None,0.0071262,0.004307691
16,nuc,5,None,None,0.008875015,0.003777882
16,nuc,6,None,None,0.00918192,0.003165003
16,nuc,7,None,None,0.005320874,0.005088017
16,nuc,8,None,None,0.007410652,0.004381038
16,nuc,9,None,None,0.005972889,0.004835798
17,nuc,0,None,None,0.007629004,0.003853203
17,nuc,1,None,None,0.007144442,0.004243156
17,nuc,10,None,None,0.007365559,0.00434373
17,nuc,11,None,None,0.008283442,0.003847773
17,nuc,12,None,None,0.006818879,0.004642748
17,nuc,13,None,None,0.008237393,0.004619915
17,nuc,14,None,None,0.007116958,0.004866902
17,nuc,15,None,None,0.008967833,0.004285805
17,nuc,16,None,None,0.006237742,0.00481869
17,nuc,17,None,None,0.005793903,0.005151709
17,nuc,18,None,None,0.006270545,0.004429139
17,nuc,19,None,None,0.007399831,0.003720999
17,nuc,2,None,None,0.008840526,0.004282017
17,nuc,20,None,None,0.005973834,0.003925918
17,nuc,21,None,None,0.004975946,0.004442217
17,nuc,3,None,None,0.00864663,0.003920661
17,nuc,4,None,None,0.007423252,0.004266805
17,nuc,5,None,None,0.008549809,0.003830847
17,nuc,6,None,None,0.008330234,0.003411043
17,nuc,7,None,None,0.006010194,0.004594626
17,nuc,8,None,None,0.006300097,0.004563866
17,nuc,9,None,None,0.00699727,0.004699821
18,nuc,0,None,None,0.007908693,0.003800956
18,nuc,1,None,None,0.007312803,0.004310095
18,nuc,10,None,None,0.007047888,0.004386941
18,nuc,11,None,None,0.006231943,0.004533295
18,nuc,12,None,None,0.006699384,0.004948995
18,nuc,13,None,None,0.007971151,0.004817026
18,nuc,14,None,None,0.007970501,0.004699157
18,nuc,15,None,None,0.008284625,0.004345881
18,nuc,16,None,None,0.006557451,0.00462638
18,nuc,17,None,None,0.00580016,0.005121861
18,nuc,18,None,None,0.006440759,0.004449865
18,nuc,19,None,None,0.007394781,0.00359552
18,nuc,2,None,None,0.009609561,0.004164894
18,nuc,20,None,None,0.005348739,0.004264556
18,nuc,21,None,None,0.005064182,0.00436651
18,nuc,3,None,None,0.007898241,0.004208306
18,nuc,4,None,None,0.007214462,0.004358258
18,nuc,5,None,None,0.009251431,0.003924187
18,nuc,6,None,None,0.008014505,0.003416426
18,nuc,7,None,None,0.005597561,0.004977163
18,nuc,8,None,None,0.006914537,0.004500052
18,nuc,9,None,None,0.006897516,0.004629616
19,nuc,0,None,None,0.007323748,0.003962113
19,nuc,1,None,None,0.007297352,0.004392877
19,nuc,10,None,None,0.006777534,0.004517693
19,nuc,11,None,None,0.005360682,0.005177848
19,nuc,12,None,None,0.007093164,0.004523873
19,nuc,13,None,None,0.007635051,0.004827939
19,nuc,14,None,None,0.007736062,0.004792352
19,nuc,15,None,None,0.008334651,0.004293317
19,nuc,16,None,None,0.006151859,0.00486336
19,nuc,17,None,None,0.006265706,0.004948515
19,nuc,18,None,None,0.005932883,0.004536655
19,nuc,19,None,None,0.00653739,0.003851475
19,nuc,2,None,None,0.008734565,0.004292663
19,nuc,20,None,None,0.006319179,0.004063991
19,nuc,21,None,None,0.004936091,0.004275867
19,nuc,3,None,None,0.00830813,0.004078485
19,nuc,4,None,None,0.007164036,0.004472889
19,nuc,5,None,None,0.00938428,0.003861684
19,nuc,6,None,None,0.008248295,0.003385081
19,nuc,7,None,None,0.006638732,0.004580827
19,nuc,8,None,None,0.00723564,0.004442346
19,nuc,9,None,None,0.006968166,0.004777013
20,nuc,0,None,None,0.007926971,0.003942216
20,nuc,1,None,None,0.007467404,0.004395831
20,nuc,10,None,None,0.006848963,0.004380283
20,nuc,11,None,None,0.007106102,0.004508874
20,nuc,12,None,None,0.006167308,0.004824863
20,nuc,13,None,None,0.007977666,0.004749867
20,nuc,14,None,None,0.007323951,0.004811594
20,nuc,15,None,None,0.008577629,0.004262544
20,nuc,16,None,None,0.006576175,0.004498797
20,nuc,17,None,None,0.005879083,0.005078958
20,nuc,18,None,None,0.006230438,0.004368763
20,nuc,19,None,None,0.007197676,0.003782343
20,nuc,2,None,None,0.008995106,0.004408988
20,nuc,20,None,None,0.006894904,0.003959941
20,nuc,21,None,None,0.004706695,0.004371437
20,nuc,3,None,None,0.008823235,0.003975116
20,nuc,4,None,None,0.007009166,0.004380172
20,nuc,5,None,None,0.008452621,0.004160138
20,nuc,6,None,None,0.007843659,0.003512781
20,nuc,7,None,None,0.007812883,0.004418278
20,nuc,8,None,None,0.006244444,0.00467791
20,nuc,9,None,None,0.007624181,0.00455308
